{
  "last_node_id": 43,
  "last_link_id": 57,
  "nodes": [
    {
      "id": 8,
      "type": "VAEDecode",
      "pos": [
        1470,
        300
      ],
      "size": {
        "0": 210,
        "1": 46
      },
      "flags": {},
      "order": 28,
      "mode": 0,
      "inputs": [
        {
          "name": "samples",
          "type": "LATENT",
          "link": 7
        },
        {
          "name": "vae",
          "type": "VAE",
          "link": 8
        }
      ],
      "outputs": [
        {
          "name": "IMAGE",
          "type": "IMAGE",
          "links": [
            10
          ],
          "slot_index": 0
        }
      ],
      "properties": {
        "Node name for S&R": "VAEDecode"
      },
      "color": "#223",
      "bgcolor": "#335"
    },
    {
      "id": 12,
      "type": "Note",
      "pos": [
        390,
        200
      ],
      "size": {
        "0": 320,
        "1": 60
      },
      "flags": {},
      "order": 0,
      "mode": 0,
      "properties": {
        "text": ""
      },
      "widgets_values": [
        "Here we load in the model, prompt and negative prompt."
      ],
      "color": "#232",
      "bgcolor": "#353"
    },
    {
      "id": 17,
      "type": "Note",
      "pos": [
        720,
        200
      ],
      "size": {
        "0": 320,
        "1": 60
      },
      "flags": {},
      "order": 1,
      "mode": 0,
      "properties": {
        "text": ""
      },
      "widgets_values": [
        "The negative prompt uses embeddings to decrease inconsistencies in the final image."
      ],
      "color": "#232",
      "bgcolor": "#353"
    },
    {
      "id": 15,
      "type": "Note",
      "pos": [
        1690,
        200
      ],
      "size": {
        "0": 310,
        "1": 60
      },
      "flags": {},
      "order": 2,
      "mode": 0,
      "properties": {
        "text": ""
      },
      "widgets_values": [
        "This is the output image"
      ],
      "color": "#232",
      "bgcolor": "#353"
    },
    {
      "id": 14,
      "type": "Note",
      "pos": [
        1150,
        200
      ],
      "size": {
        "0": 310,
        "1": 60
      },
      "flags": {},
      "order": 3,
      "mode": 0,
      "properties": {
        "text": ""
      },
      "widgets_values": [
        "Here the actual image 'inpaint' gets generated by Stable Diffusion."
      ],
      "color": "#232",
      "bgcolor": "#353"
    },
    {
      "id": 4,
      "type": "CheckpointLoaderSimple",
      "pos": [
        390,
        300
      ],
      "size": {
        "0": 320,
        "1": 100
      },
      "flags": {},
      "order": 4,
      "mode": 0,
      "outputs": [
        {
          "name": "MODEL",
          "type": "MODEL",
          "links": [
            1
          ],
          "slot_index": 0
        },
        {
          "name": "CLIP",
          "type": "CLIP",
          "links": [
            3,
            5
          ],
          "slot_index": 1
        },
        {
          "name": "VAE",
          "type": "VAE",
          "links": [
            8,
            23
          ],
          "slot_index": 2
        }
      ],
      "properties": {
        "Node name for S&R": "CheckpointLoaderSimple"
      },
      "widgets_values": [
        "model.safetensors"
      ],
      "color": "#223",
      "bgcolor": "#335"
    },
    {
      "id": 18,
      "type": "Note",
      "pos": [
        320,
        760
      ],
      "size": {
        "0": 310,
        "1": 60
      },
      "flags": {},
      "order": 5,
      "mode": 0,
      "properties": {
        "text": ""
      },
      "widgets_values": [
        "Here we segment the image using a prompt where we query all area's we want to paint in."
      ],
      "color": "#232",
      "bgcolor": "#353"
    },
    {
      "id": 7,
      "type": "CLIPTextEncode",
      "pos": [
        720,
        500
      ],
      "size": {
        "0": 420,
        "1": 170
      },
      "flags": {},
      "order": 14,
      "mode": 0,
      "inputs": [
        {
          "name": "clip",
          "type": "CLIP",
          "link": 5
        }
      ],
      "outputs": [
        {
          "name": "CONDITIONING",
          "type": "CONDITIONING",
          "links": [
            6
          ],
          "slot_index": 0
        }
      ],
      "properties": {
        "Node name for S&R": "CLIPTextEncode"
      },
      "widgets_values": [
        "embedding:easynegative, embedding:unrealisticdream, (deformed iris, deformed pupils, semi-realistic, cgi, 3d, render, sketch, cartoon, drawing, anime), text, cropped, out of frame, worst quality, low quality, jpeg artifacts, ugly, duplicate, morbid, mutilated, extra fingers, mutated hands, poorly drawn hands, poorly drawn face, mutation, deformed, blurry, dehydrated, bad anatomy, bad proportions, extra limbs, cloned face, disfigured, gross proportions, malformed limbs, missing arms, missing legs, extra arms, extra legs, fused fingers, too many fingers, long neck,"
      ],
      "color": "#223",
      "bgcolor": "#335"
    },
    {
      "id": 16,
      "type": "Note",
      "pos": [
        0,
        760
      ],
      "size": {
        "0": 310,
        "1": 60
      },
      "flags": {},
      "order": 6,
      "mode": 0,
      "properties": {
        "text": ""
      },
      "widgets_values": [
        "Here we load the initial image we're about to transform."
      ],
      "color": "#232",
      "bgcolor": "#353"
    },
    {
      "id": 10,
      "type": "PreviewImage",
      "pos": [
        1690,
        300
      ],
      "size": {
        "0": 457.61279296875,
        "1": 504.32965087890625
      },
      "flags": {},
      "order": 29,
      "mode": 0,
      "inputs": [
        {
          "name": "images",
          "type": "IMAGE",
          "link": 10
        }
      ],
      "properties": {
        "Node name for S&R": "PreviewImage"
      },
      "color": "#223",
      "bgcolor": "#335"
    },
    {
      "id": 33,
      "type": "Note",
      "pos": [
        390,
        30
      ],
      "size": {
        "0": 1310,
        "1": 120
      },
      "flags": {},
      "order": 7,
      "mode": 0,
      "properties": {
        "text": ""
      },
      "widgets_values": [
        "Positive prompts that you can vary:\n\n- A Lovely Dutch street with bikes, bushes and wildflowers, bicycle, 8k uhd, high quality, Fujifilm XT3\n- A street level view of Dutch street with cobble stones, people walk and cycle , 8k uhd, high quality, Fujifilm XT3\n- A street level view of A Lovely Dutch street with light-colored pavement, potted plants & flowers, trees, a bench, 8k uhd, high quality, Fujifilm XT3\n- A bustling Dutch avenue, where children's laughter echoes against cobbled paths, colorful kites soar in the sky, and parents indulge in a nearby café's delights, 8k UHD, high quality, Fujifilm XT3\n- A winding Dutch lane, dotted with vibrant wildflowers and hedges, captured in stunning 8K UHD by a Fujifilm XT3"
      ],
      "color": "#432",
      "bgcolor": "#653"
    },
    {
      "id": 20,
      "type": "VAEEncodeForInpaint",
      "pos": [
        800,
        860
      ],
      "size": {
        "0": 315,
        "1": 98
      },
      "flags": {},
      "order": 24,
      "mode": 0,
      "inputs": [
        {
          "name": "pixels",
          "type": "IMAGE",
          "link": 12
        },
        {
          "name": "vae",
          "type": "VAE",
          "link": 23
        },
        {
          "name": "mask",
          "type": "MASK",
          "link": 53
        }
      ],
      "outputs": [
        {
          "name": "LATENT",
          "type": "LATENT",
          "links": [
            13
          ],
          "shape": 3,
          "slot_index": 0
        }
      ],
      "properties": {
        "Node name for S&R": "VAEEncodeForInpaint"
      },
      "widgets_values": [
        6
      ]
    },
    {
      "id": 22,
      "type": "SAMModelLoader (segment anything)",
      "pos": [
        0,
        1300
      ],
      "size": {
        "0": 315,
        "1": 58
      },
      "flags": {},
      "order": 8,
      "mode": 0,
      "outputs": [
        {
          "name": "SAM_MODEL",
          "type": "SAM_MODEL",
          "links": [
            20,
            39
          ],
          "shape": 3,
          "slot_index": 0
        }
      ],
      "properties": {
        "Node name for S&R": "SAMModelLoader (segment anything)"
      },
      "widgets_values": [
        "sam_vit_h (2.56GB)"
      ]
    },
    {
      "id": 27,
      "type": "GroundingDinoModelLoader (segment anything)",
      "pos": [
        0,
        1400
      ],
      "size": {
        "0": 361.20001220703125,
        "1": 58
      },
      "flags": {},
      "order": 9,
      "mode": 0,
      "outputs": [
        {
          "name": "GROUNDING_DINO_MODEL",
          "type": "GROUNDING_DINO_MODEL",
          "links": [
            19,
            40
          ],
          "shape": 3,
          "slot_index": 0
        }
      ],
      "properties": {
        "Node name for S&R": "GroundingDinoModelLoader (segment anything)"
      },
      "widgets_values": [
        "GroundingDINO_SwinT_OGC (694MB)"
      ]
    },
    {
      "id": 23,
      "type": "GroundingDinoSAMSegment (segment anything)",
      "pos": [
        410,
        1030
      ],
      "size": {
        "0": 400,
        "1": 122
      },
      "flags": {},
      "order": 15,
      "mode": 0,
      "inputs": [
        {
          "name": "sam_model",
          "type": "SAM_MODEL",
          "link": 20
        },
        {
          "name": "grounding_dino_model",
          "type": "GROUNDING_DINO_MODEL",
          "link": 19,
          "slot_index": 1
        },
        {
          "name": "image",
          "type": "IMAGE",
          "link": 18
        }
      ],
      "outputs": [
        {
          "name": "IMAGE",
          "type": "IMAGE",
          "links": [],
          "shape": 3,
          "slot_index": 0
        },
        {
          "name": "MASK",
          "type": "MASK",
          "links": [
            33
          ],
          "shape": 3,
          "slot_index": 1
        }
      ],
      "properties": {
        "Node name for S&R": "GroundingDinoSAMSegment (segment anything)"
      },
      "widgets_values": [
        "person, traffic, car, truck, van, motorcycle, road, sidewalk, pavement, trash, fence, sign",
        0.1
      ]
    },
    {
      "id": 42,
      "type": "MaskToImage",
      "pos": [
        600,
        1430
      ],
      "size": {
        "0": 210,
        "1": 26
      },
      "flags": {},
      "order": 19,
      "mode": 0,
      "inputs": [
        {
          "name": "mask",
          "type": "MASK",
          "link": 56
        }
      ],
      "outputs": [
        {
          "name": "IMAGE",
          "type": "IMAGE",
          "links": [
            55
          ],
          "shape": 3,
          "slot_index": 0
        }
      ],
      "properties": {
        "Node name for S&R": "MaskToImage"
      }
    },
    {
      "id": 40,
      "type": "MaskToImage",
      "pos": [
        820,
        1430
      ],
      "size": {
        "0": 210,
        "1": 26
      },
      "flags": {},
      "order": 21,
      "mode": 0,
      "inputs": [
        {
          "name": "mask",
          "type": "MASK",
          "link": 57
        }
      ],
      "outputs": [
        {
          "name": "IMAGE",
          "type": "IMAGE",
          "links": [
            54
          ],
          "shape": 3,
          "slot_index": 0
        }
      ],
      "properties": {
        "Node name for S&R": "MaskToImage"
      }
    },
    {
      "id": 31,
      "type": "MaskToImage",
      "pos": [
        1040,
        1430
      ],
      "size": {
        "0": 210,
        "1": 26
      },
      "flags": {},
      "order": 23,
      "mode": 0,
      "inputs": [
        {
          "name": "mask",
          "type": "MASK",
          "link": 43
        }
      ],
      "outputs": [
        {
          "name": "IMAGE",
          "type": "IMAGE",
          "links": [
            28
          ],
          "shape": 3,
          "slot_index": 0
        }
      ],
      "properties": {
        "Node name for S&R": "MaskToImage"
      }
    },
    {
      "id": 34,
      "type": "GrowMask",
      "pos": [
        820,
        1030
      ],
      "size": {
        "0": 210,
        "1": 82
      },
      "flags": {},
      "order": 17,
      "mode": 0,
      "inputs": [
        {
          "name": "mask",
          "type": "MASK",
          "link": 33
        }
      ],
      "outputs": [
        {
          "name": "MASK",
          "type": "MASK",
          "links": [
            50,
            56
          ],
          "shape": 3,
          "slot_index": 0
        }
      ],
      "properties": {
        "Node name for S&R": "GrowMask"
      },
      "widgets_values": [
        10,
        true
      ]
    },
    {
      "id": 38,
      "type": "GrowMask",
      "pos": [
        820,
        1190
      ],
      "size": {
        "0": 210,
        "1": 82
      },
      "flags": {},
      "order": 18,
      "mode": 0,
      "inputs": [
        {
          "name": "mask",
          "type": "MASK",
          "link": 51
        }
      ],
      "outputs": [
        {
          "name": "MASK",
          "type": "MASK",
          "links": [
            52,
            57
          ],
          "shape": 3,
          "slot_index": 0
        }
      ],
      "properties": {
        "Node name for S&R": "GrowMask"
      },
      "widgets_values": [
        10,
        true
      ]
    },
    {
      "id": 32,
      "type": "Note",
      "pos": [
        800,
        760
      ],
      "size": {
        "0": 310,
        "1": 60
      },
      "flags": {},
      "order": 10,
      "mode": 0,
      "properties": {
        "text": ""
      },
      "widgets_values": [
        "Here we encode the masked image for inpainting, everything comes together here!"
      ],
      "color": "#232",
      "bgcolor": "#353"
    },
    {
      "id": 37,
      "type": "MaskComposite",
      "pos": [
        1060,
        1140
      ],
      "size": {
        "0": 315,
        "1": 126
      },
      "flags": {},
      "order": 20,
      "mode": 0,
      "inputs": [
        {
          "name": "destination",
          "type": "MASK",
          "link": 50
        },
        {
          "name": "source",
          "type": "MASK",
          "link": 52
        }
      ],
      "outputs": [
        {
          "name": "MASK",
          "type": "MASK",
          "links": [
            43,
            53
          ],
          "shape": 3,
          "slot_index": 0
        }
      ],
      "properties": {
        "Node name for S&R": "MaskComposite"
      },
      "widgets_values": [
        0,
        0,
        "subtract"
      ]
    },
    {
      "id": 43,
      "type": "Note",
      "pos": [
        1060,
        1030
      ],
      "size": {
        "0": 310,
        "1": 60
      },
      "flags": {},
      "order": 11,
      "mode": 0,
      "properties": {
        "text": ""
      },
      "widgets_values": [
        "Here we combine our positive and negative mask to our final mask"
      ],
      "color": "#232",
      "bgcolor": "#353"
    },
    {
      "id": 26,
      "type": "PreviewImage",
      "pos": [
        1040,
        1500
      ],
      "size": {
        "0": 210,
        "1": 246
      },
      "flags": {},
      "order": 26,
      "mode": 0,
      "inputs": [
        {
          "name": "images",
          "type": "IMAGE",
          "link": 28
        }
      ],
      "title": "Final Mask",
      "properties": {
        "Node name for S&R": "PreviewImage"
      }
    },
    {
      "id": 39,
      "type": "PreviewImage",
      "pos": [
        820,
        1500
      ],
      "size": {
        "0": 210,
        "1": 246
      },
      "flags": {},
      "order": 25,
      "mode": 0,
      "inputs": [
        {
          "name": "images",
          "type": "IMAGE",
          "link": 54
        }
      ],
      "title": "Positive Mask (keep)",
      "properties": {
        "Node name for S&R": "PreviewImage"
      }
    },
    {
      "id": 41,
      "type": "PreviewImage",
      "pos": [
        600,
        1500
      ],
      "size": {
        "0": 210,
        "1": 246
      },
      "flags": {},
      "order": 22,
      "mode": 0,
      "inputs": [
        {
          "name": "images",
          "type": "IMAGE",
          "link": 55
        }
      ],
      "title": "Negative Mask (inpaint)",
      "properties": {
        "Node name for S&R": "PreviewImage"
      }
    },
    {
      "id": 3,
      "type": "KSampler",
      "pos": [
        1150,
        299
      ],
      "size": {
        "0": 315,
        "1": 262
      },
      "flags": {},
      "order": 27,
      "mode": 0,
      "inputs": [
        {
          "name": "model",
          "type": "MODEL",
          "link": 1
        },
        {
          "name": "positive",
          "type": "CONDITIONING",
          "link": 4
        },
        {
          "name": "negative",
          "type": "CONDITIONING",
          "link": 6
        },
        {
          "name": "latent_image",
          "type": "LATENT",
          "link": 13,
          "slot_index": 3
        }
      ],
      "outputs": [
        {
          "name": "LATENT",
          "type": "LATENT",
          "links": [
            7
          ],
          "slot_index": 0
        }
      ],
      "properties": {
        "Node name for S&R": "KSampler"
      },
      "widgets_values": [
        343994227700458,
        "randomize",
        20,
        10,
        "dpmpp_sde",
        "karras",
        1
      ],
      "color": "#223",
      "bgcolor": "#335"
    },
    {
      "id": 36,
      "type": "GroundingDinoSAMSegment (segment anything)",
      "pos": [
        410,
        1190
      ],
      "size": {
        "0": 400,
        "1": 122
      },
      "flags": {},
      "order": 16,
      "mode": 0,
      "inputs": [
        {
          "name": "sam_model",
          "type": "SAM_MODEL",
          "link": 39
        },
        {
          "name": "grounding_dino_model",
          "type": "GROUNDING_DINO_MODEL",
          "link": 40,
          "slot_index": 1
        },
        {
          "name": "image",
          "type": "IMAGE",
          "link": 45,
          "slot_index": 2
        }
      ],
      "outputs": [
        {
          "name": "IMAGE",
          "type": "IMAGE",
          "links": [],
          "shape": 3,
          "slot_index": 0
        },
        {
          "name": "MASK",
          "type": "MASK",
          "links": [
            51
          ],
          "shape": 3,
          "slot_index": 1
        }
      ],
      "properties": {
        "Node name for S&R": "GroundingDinoSAMSegment (segment anything)"
      },
      "widgets_values": [
        "building, sky, nature, trees",
        0.3
      ]
    },
    {
      "id": 6,
      "type": "CLIPTextEncode",
      "pos": [
        720,
        300
      ],
      "size": {
        "0": 422.84503173828125,
        "1": 164.31304931640625
      },
      "flags": {},
      "order": 13,
      "mode": 0,
      "inputs": [
        {
          "name": "clip",
          "type": "CLIP",
          "link": 3
        }
      ],
      "outputs": [
        {
          "name": "CONDITIONING",
          "type": "CONDITIONING",
          "links": [
            4
          ],
          "slot_index": 0
        }
      ],
      "properties": {
        "Node name for S&R": "CLIPTextEncode"
      },
      "widgets_values": [
        "A street level view of A Lovely Dutch street with light-colored pavement, potted plants & flowers, trees, a bench, 8k uhd, high quality, Fujifilm XT3"
      ],
      "color": "#223",
      "bgcolor": "#335"
    },
    {
      "id": 11,
      "type": "LoadImage",
      "pos": [
        0,
        860
      ],
      "size": {
        "0": 310,
        "1": 314
      },
      "flags": {},
      "order": 12,
      "mode": 0,
      "outputs": [
        {
          "name": "IMAGE",
          "type": "IMAGE",
          "links": [
            12,
            18,
            45
          ],
          "shape": 3,
          "slot_index": 0
        },
        {
          "name": "MASK",
          "type": "MASK",
          "links": null,
          "shape": 3,
          "slot_index": 1
        }
      ],
      "properties": {
        "Node name for S&R": "LoadImage"
      },
      "widgets_values": [
        "streetview_4qry54b_1.jpg",
        "image"
      ]
    }
  ],
  "links": [
    [
      1,
      4,
      0,
      3,
      0,
      "MODEL"
    ],
    [
      3,
      4,
      1,
      6,
      0,
      "CLIP"
    ],
    [
      4,
      6,
      0,
      3,
      1,
      "CONDITIONING"
    ],
    [
      5,
      4,
      1,
      7,
      0,
      "CLIP"
    ],
    [
      6,
      7,
      0,
      3,
      2,
      "CONDITIONING"
    ],
    [
      7,
      3,
      0,
      8,
      0,
      "LATENT"
    ],
    [
      8,
      4,
      2,
      8,
      1,
      "VAE"
    ],
    [
      10,
      8,
      0,
      10,
      0,
      "IMAGE"
    ],
    [
      12,
      11,
      0,
      20,
      0,
      "IMAGE"
    ],
    [
      13,
      20,
      0,
      3,
      3,
      "LATENT"
    ],
    [
      18,
      11,
      0,
      23,
      2,
      "IMAGE"
    ],
    [
      19,
      27,
      0,
      23,
      1,
      "GROUNDING_DINO_MODEL"
    ],
    [
      20,
      22,
      0,
      23,
      0,
      "SAM_MODEL"
    ],
    [
      23,
      4,
      2,
      20,
      1,
      "VAE"
    ],
    [
      28,
      31,
      0,
      26,
      0,
      "IMAGE"
    ],
    [
      33,
      23,
      1,
      34,
      0,
      "MASK"
    ],
    [
      39,
      22,
      0,
      36,
      0,
      "SAM_MODEL"
    ],
    [
      40,
      27,
      0,
      36,
      1,
      "GROUNDING_DINO_MODEL"
    ],
    [
      43,
      37,
      0,
      31,
      0,
      "MASK"
    ],
    [
      45,
      11,
      0,
      36,
      2,
      "IMAGE"
    ],
    [
      50,
      34,
      0,
      37,
      0,
      "MASK"
    ],
    [
      51,
      36,
      1,
      38,
      0,
      "MASK"
    ],
    [
      52,
      38,
      0,
      37,
      1,
      "MASK"
    ],
    [
      53,
      37,
      0,
      20,
      2,
      "MASK"
    ],
    [
      54,
      40,
      0,
      39,
      0,
      "IMAGE"
    ],
    [
      55,
      42,
      0,
      41,
      0,
      "IMAGE"
    ],
    [
      56,
      34,
      0,
      42,
      0,
      "MASK"
    ],
    [
      57,
      38,
      0,
      40,
      0,
      "MASK"
    ]
  ],
  "groups": [],
  "config": {},
  "extra": {},
  "version": 0.4
}